/intro,/programs/intro
/organizationaldevelopment,/programs/orgdev
/1-org-dev,/programs/orgdev
/2-org-dev,/programs/orgdev
/3-org-dev,/programs/orgdev
/4-org-dev,/programs/orgdev
/5-org-dev,/programs/orgdev
/6-org-dev,/programs/orgdev
/openendedness,/open-endedness
/qualificationlevels,/qualification
/howtochooseyourpath,/howtostart
/quickpurchase,/quick-purchase
/subscribe,/
/tserenov,/team/tserenov
/levenchuk,/team/levenchuk
/klimat,/team/klimat
/mizgulin,/team/mizgulin
/paramonova,/team/paramonova
/medvedeva,/team/medvedeva
/agroskin,/team/agroskin
/lubenchenko,/team/lubenchenko
/oleshko,/team/oleshko
/ilya,/team/zolotarev
/ivan_m,/team/metelkin
/julia_chaikovskaya,/team/chaikovskaya
/kunev,/team/kunev
/rukavishnikov,/team/rukavishnikov
/landikov,/team/landikov
/sergeysoloboev,/team/soloboev
/turkhanov,/team
/bodrov,/team
/what_is,/articles/what-is-systems-thinking
/modernfundamentaleducation,/articles/modern-fundamental-education
/donttellmehowtolivegivemeanalgorithminstead,/articles/give-me-algorithm
/mnogourovnevyj-kadrovyj-rezerv-obrazovanie-i-obuchenie,/articles/multi-level-talent-pool
/difficultiesofdigitaltransformationoftherealsector,/articles/real-sector-digital-transformation
/rolecommunitiesaroundthecompany,/articles/role-communities-balance
